times, f
0.000000000000000000e+00,1.000000000000000000e+00
3.440103997269555042e-03,9.835212443582824760e-01
6.880207994539110083e-03,9.672466432303107320e-01
1.032031199180866513e-02,9.511745606869657088e-01
1.376041598907822017e-02,9.353033607991297904e-01
1.720051998634777521e-02,9.196314076376849167e-01
2.064062398361733025e-02,9.041570652735121394e-01
2.408072798088688529e-02,8.888786977774938425e-01
2.752083197815644033e-02,8.737946692205116328e-01
3.096093597542599538e-02,8.589033436734470062e-01
3.440103997269555042e-02,8.442030852071821245e-01
3.784114396996510199e-02,8.296922578925983727e-01
4.128124796723466050e-02,8.153692258005785787e-01
4.472135196450421901e-02,8.012323530020031281e-01
4.816145596177377058e-02,7.872800035677544050e-01
5.160155995904332216e-02,7.735105415687145713e-01
5.504166395631288067e-02,7.599223310757646788e-01
5.848176795358243918e-02,7.465137361597866672e-01
6.192187195085199075e-02,7.332831208916632537e-01
6.536197594812154232e-02,7.202288493422749349e-01
6.880207994539110083e-02,7.073492855825037617e-01
7.224218394266065935e-02,6.946427936832322292e-01
7.568228793993020398e-02,6.821077377153412780e-01
7.912239193719976249e-02,6.697424817497132921e-01
8.256249593446932100e-02,6.575453898572295452e-01
8.600259993173887951e-02,6.455148261087723105e-01
8.944270392900843802e-02,6.336491545752229726e-01
9.288280792627798266e-02,6.219467393274638045e-01
9.632291192354754117e-02,6.104059444363759690e-01
9.976301592081709968e-02,5.990251339728415170e-01
1.032031199180866443e-01,5.878026720077421663e-01
1.066432239153562028e-01,5.767369226119601899e-01
1.100833279126257613e-01,5.658262498563764176e-01
1.135234319098953198e-01,5.550690178118733442e-01
1.169635359071648784e-01,5.444635905493325767e-01
1.204036399044344230e-01,5.340083321396358329e-01
1.238437439017039815e-01,5.237016066536648307e-01
1.272838478989735400e-01,5.135417781623016209e-01
1.307239518962430846e-01,5.035272107364275884e-01
1.341640558935126570e-01,4.936562684469249507e-01
1.376041598907822017e-01,4.839273153646749814e-01
1.410442638880517463e-01,4.743387155605598982e-01
1.444843678853213187e-01,4.648888331054612522e-01
1.479244718825908633e-01,4.555760320702610389e-01
1.513645758798604080e-01,4.463986765258407541e-01
1.548046798771299803e-01,4.373551305430822267e-01
1.582447838743995250e-01,4.284437581928673966e-01
1.616848878716690974e-01,4.196629235460779261e-01
1.651249918689386420e-01,4.110109906735955332e-01
1.685650958662081866e-01,4.024863236463023242e-01
1.720051998634777590e-01,3.940872865350795728e-01
1.754453038607473037e-01,3.858122434108094967e-01
1.788854078580168760e-01,3.776595583443735360e-01
1.823255118552864207e-01,3.696275954066536307e-01
1.857656158525559653e-01,3.617147186685316096e-01
1.892057198498255377e-01,3.539192922008892461e-01
1.926458238470950823e-01,3.462396800746080916e-01
1.960859278443646270e-01,3.386742463605703080e-01
1.995260318416341994e-01,3.312213551296573355e-01
2.029661358389037440e-01,3.238793704527510586e-01
2.064062398361732886e-01,3.166466564007333617e-01
2.098463438334428610e-01,3.095215770444857961e-01
2.132864478307124056e-01,3.025024964548904127e-01
2.167265518279819780e-01,2.955877787028288184e-01
2.201666558252515227e-01,2.887757878591827865e-01
2.236067598225210673e-01,2.820648879948341459e-01
2.270468638197906397e-01,2.754534431806646144e-01
2.304869678170601843e-01,2.689398174875560765e-01
2.339270718143297567e-01,2.625223749863902500e-01
2.373671758115993013e-01,2.561994797480488528e-01
2.408072798088688460e-01,2.499694958434137970e-01
2.442473838061384184e-01,2.438307873433666617e-01
2.476874878034079630e-01,2.377817183187894423e-01
2.511275918006775076e-01,2.318206528405638844e-01
2.545676957979470800e-01,2.259459549795715394e-01
2.580077997952166524e-01,2.201559888066944026e-01
2.614479037924861693e-01,2.144491183928142475e-01
2.648880077897557417e-01,2.088237078088127641e-01
2.683281117870253141e-01,2.032781211255717813e-01
2.717682157842948310e-01,1.978107224139730447e-01
2.752083197815644033e-01,1.924198757448983554e-01
2.786484237788339757e-01,1.871039451892294314e-01
2.820885277761034926e-01,1.818612948178482125e-01
2.855286317733730650e-01,1.766902887016362778e-01
2.889687357706426374e-01,1.715892909114754561e-01
2.924088397679121543e-01,1.665566655182476596e-01
2.958489437651817267e-01,1.615907765928344952e-01
2.992890477624512990e-01,1.566899882061177918e-01
3.027291517597208159e-01,1.518526644289794614e-01
3.061692557569903883e-01,1.470771693323010554e-01
3.096093597542599607e-01,1.423618669869645137e-01
3.130494637515295331e-01,1.377051214638514987e-01
3.164895677487990500e-01,1.331052968338439502e-01
3.199296717460686224e-01,1.285607571678235028e-01
3.233697757433381947e-01,1.240698665366719439e-01
3.268098797406077116e-01,1.196309890112711577e-01
3.302499837378772840e-01,1.152424886625028067e-01
3.336900877351468564e-01,1.109027295612486919e-01
3.371301917324163733e-01,1.066100757783906561e-01
3.405702957296859457e-01,1.023628913848103894e-01
3.440103997269555181e-01,9.815954045138970685e-02
3.474505037242250349e-01,9.399838704901046504e-02
3.508906077214946073e-01,8.987779524855425695e-02
3.543307117187641797e-01,8.579612912090302246e-02
3.577708157160337521e-01,8.175175273693846556e-02
3.612109197133032690e-01,7.774303016754244289e-02
3.646510237105728414e-01,7.376845848958979435e-02
3.680911277078424138e-01,6.982739500011318767e-02
3.715312317051119306e-01,6.591953925277808934e-02
3.749713357023815030e-01,6.204459167799834113e-02
3.784114396996510754e-01,5.820225270618793051e-02
3.818515436969205923e-01,5.439222276776087273e-02
3.852916476941901647e-01,5.061420229313095404e-02
3.887317516914597371e-01,4.686789171271218968e-02
3.921718556887292539e-01,4.315299145691855326e-02
3.956119596859988263e-01,3.946920195616389349e-02
3.990520636832683987e-01,3.581622364086219784e-02
4.024921676805379156e-01,3.219375694142744687e-02
4.059322716778074880e-01,2.860150228827347541e-02
4.093723756750770604e-01,2.503916011181425705e-02
4.128124796723465773e-01,2.150643084246380010e-02
4.162525836696161496e-01,1.800301491063593939e-02
4.196926876668857220e-01,1.452861274674462425e-02
4.231327916641552944e-01,1.108292478120384388e-02
4.265728956614248113e-01,7.665651444427562348e-03
4.300129996586943837e-01,4.276493166829606687e-03
4.334531036559639561e-01,9.151503788239691468e-04
4.368932076532334730e-01,-2.418676489175367993e-03
4.403333116505030453e-01,-5.725287006754542149e-03
4.437734156477726177e-01,-9.004980743499606602e-03
4.472135196450421346e-01,-1.225805726899655869e-02
4.506536236423117070e-01,-1.548481615283155664e-02
4.540937276395812794e-01,-1.868555696459062512e-02
4.575338316368507963e-01,-2.186057927385976277e-02
4.609739356341203687e-01,-2.501018265022515383e-02
4.644140396313899410e-01,-2.813466666327276919e-02
4.678541436286595134e-01,-3.123433088258872545e-02
4.712942476259290303e-01,-3.430947487775901777e-02
4.747343516231986027e-01,-3.736039821836979746e-02
4.781744556204681751e-01,-4.038740047400710131e-02
4.816145596177376920e-01,-4.339078121425692797e-02
4.850546636150072644e-01,-4.637084000870543565e-02
4.884947676122768367e-01,-4.932787642693862995e-02
4.919348716095463536e-01,-5.226219003854256501e-02
4.953749756068159260e-01,-5.517408041310336436e-02
4.988150796040854984e-01,-5.806384712020706829e-02
5.022551836013550153e-01,-6.093178972943967542e-02
5.056952875986245877e-01,-6.377820781038735787e-02
5.091353915958941601e-01,-6.660340093263611427e-02
5.125754955931637324e-01,-6.940766866577204042e-02
5.160155995904333048e-01,-7.219131057938113494e-02
5.194557035877027662e-01,-7.495462624304945198e-02
5.228958075849723386e-01,-7.769791522636319836e-02
5.263359115822419110e-01,-8.042147709890835883e-02
5.297760155795114834e-01,-8.312561143027094590e-02
5.332161195767810558e-01,-8.581061779003711087e-02
5.366562235740506281e-01,-8.847679574779285239e-02
5.400963275713200895e-01,-9.112444487312415520e-02
5.435364315685896619e-01,-9.375386428926239801e-02
5.469765355658592343e-01,-9.636530554158016793e-02
5.504166395631288067e-01,-9.895893104373833238e-02
5.538567435603983791e-01,-1.015348934110157086e-01
5.572968475576679515e-01,-1.040933452586910724e-01
5.607369515549375238e-01,-1.066344392020431575e-01
5.641770555522069852e-01,-1.091583278563507120e-01
5.676171595494765576e-01,-1.116651638368925947e-01
5.710572635467461300e-01,-1.141550997589475674e-01
5.744973675440157024e-01,-1.166282882377943642e-01
5.779374715412852748e-01,-1.190848818887117327e-01
5.813775755385548472e-01,-1.215250333269785182e-01
5.848176795358243085e-01,-1.239488951678733436e-01
5.882577835330938809e-01,-1.263566200266751649e-01
5.916978875303634533e-01,-1.287483605186626745e-01
5.951379915276330257e-01,-1.311242692591146619e-01
5.985780955249025981e-01,-1.334844988633098473e-01
6.020181995221721705e-01,-1.358292019465270339e-01
6.054583035194416318e-01,-1.381585311240449698e-01
6.088984075167112042e-01,-1.404726390111424861e-01
6.123385115139807766e-01,-1.427716782230983028e-01
6.157786155112503490e-01,-1.450558013751912512e-01
6.192187195085199214e-01,-1.473251610827000513e-01
6.226588235057894938e-01,-1.495799099609034788e-01
6.260989275030590662e-01,-1.518202006250802816e-01
6.295390315003285275e-01,-1.540461856905092075e-01
6.329791354975980999e-01,-1.562580177724691710e-01
6.364192394948676723e-01,-1.584558494862388367e-01
6.398593434921372447e-01,-1.606398334470970080e-01
6.432994474894068171e-01,-1.628101222703223494e-01
6.467395514866763895e-01,-1.649668685711938310e-01
6.501796554839458508e-01,-1.671102249649900062e-01
6.536197594812154232e-01,-1.692403440669898451e-01
6.570598634784849956e-01,-1.713573784924720123e-01
6.604999674757545680e-01,-1.734614808567153110e-01
6.639400714730241404e-01,-1.755528037749984893e-01
6.673801754702937128e-01,-1.776314998626003505e-01
6.708202794675632852e-01,-1.796977217347996425e-01
6.742603834648327465e-01,-1.817516220068750576e-01
6.777004874621023189e-01,-1.837933532941055104e-01
6.811405914593718913e-01,-1.858230682117697485e-01
6.845806954566414637e-01,-1.878409193751464368e-01
6.880207994539110361e-01,-1.898470593995144617e-01
6.914609034511806085e-01,-1.918416409001525436e-01
6.949010074484500699e-01,-1.938248164923394024e-01
6.983411114457196422e-01,-1.957967387913539248e-01
7.017812154429892146e-01,-1.977575604124748310e-01
7.052213194402587870e-01,-1.997074339709808966e-01
7.086614234375283594e-01,-2.016465120821508139e-01
7.121015274347979318e-01,-2.035749473612634974e-01
7.155416314320675042e-01,-2.054928924235976395e-01
7.189817354293369656e-01,-2.074004998844319325e-01
7.224218394266065379e-01,-2.092979223590452909e-01
7.258619434238761103e-01,-2.111853099427617730e-01
7.293020474211456827e-01,-2.130627852258931143e-01
7.327421514184152551e-01,-2.149304538679132348e-01
7.361822554156848275e-01,-2.167884212805445132e-01
7.396223594129542889e-01,-2.186367928755093004e-01
7.430624634102238613e-01,-2.204756740645301416e-01
7.465025674074934336e-01,-2.223051702593293322e-01
7.499426714047630060e-01,-2.241253868716292230e-01
7.533827754020325784e-01,-2.259364293131523316e-01
7.568228793993021508e-01,-2.277384029956208977e-01
7.602629833965716122e-01,-2.295314133307573279e-01
7.637030873938411846e-01,-2.313155657302841117e-01
7.671431913911107570e-01,-2.330909656059237112e-01
7.705832953883803293e-01,-2.348577183693982551e-01
7.740233993856499017e-01,-2.366159294324304274e-01
7.774635033829194741e-01,-2.383657042067423848e-01
7.809036073801890465e-01,-2.401071481040566724e-01
7.843437113774585079e-01,-2.418403665360955301e-01
7.877838153747280803e-01,-2.435654649145815309e-01
7.912239193719976527e-01,-2.452825486512369424e-01
7.946640233692672250e-01,-2.469917231577841987e-01
7.981041273665367974e-01,-2.486930938459457063e-01
8.015442313638063698e-01,-2.503867661274437606e-01
8.049843353610758312e-01,-2.520728454140008790e-01
8.084244393583454036e-01,-2.537514371173393291e-01
8.118645433556149760e-01,-2.554226466491816838e-01
8.153046473528845484e-01,-2.570865794212501831e-01
8.187447513501541208e-01,-2.587433408452672889e-01
8.221848553474236931e-01,-2.603930363329552966e-01
8.256249593446931545e-01,-2.620357712960367236e-01
8.290650633419627269e-01,-2.636716511462338652e-01
8.325051673392322993e-01,-2.653007812952691280e-01
8.359452713365018717e-01,-2.669232671548650848e-01
8.393853753337714441e-01,-2.685392141367438090e-01
8.428254793310410165e-01,-2.701487276526279291e-01
8.462655833283105888e-01,-2.717519131142397959e-01
8.497056873255800502e-01,-2.733488759333016493e-01
8.531457913228496226e-01,-2.749397215215360624e-01
8.565858953201191950e-01,-2.765245552906653859e-01
8.600259993173887674e-01,-2.781034826524119707e-01
8.634661033146583398e-01,-2.796766090184981679e-01
8.669062073119279122e-01,-2.812440398006464948e-01
8.703463113091973735e-01,-2.828058804105793023e-01
8.737864153064669459e-01,-2.843622362600188858e-01
8.772265193037365183e-01,-2.859132127606878182e-01
8.806666233010060907e-01,-2.874589153243082840e-01
8.841067272982756631e-01,-2.889994493626028005e-01
8.875468312955452355e-01,-2.905349202872937187e-01
8.909869352928148079e-01,-2.920654335101034449e-01
8.944270392900842692e-01,-2.935910944427543301e-01
8.978671432873538416e-01,-2.951120084969688917e-01
9.013072472846234140e-01,-2.966282810844693696e-01
9.047473512818929864e-01,-2.981400175887861104e-01
9.081874552791625588e-01,-2.996472908702399462e-01
9.116275592764321312e-01,-3.011500786264323937e-01
9.150676632737015925e-01,-3.026483412414388563e-01
9.185077672709711649e-01,-3.041420390993354039e-01
9.219478712682407373e-01,-3.056311325841976623e-01
9.253879752655103097e-01,-3.071155820801013681e-01
9.288280792627798821e-01,-3.085953479711223690e-01
9.322681832600494545e-01,-3.100703906413364019e-01
9.357082872573190269e-01,-3.115406704748193145e-01
9.391483912545884882e-01,-3.130061478556465104e-01
9.425884952518580606e-01,-3.144667831678941705e-01
9.460285992491276330e-01,-3.159225367956377539e-01
9.494687032463972054e-01,-3.173733691229532194e-01
9.529088072436667778e-01,-3.188192405339163038e-01
9.563489112409363502e-01,-3.202601114126024662e-01
9.597890152382058115e-01,-3.216959421430879429e-01
9.632291192354753839e-01,-3.231266931094481376e-01
9.666692232327449563e-01,-3.245523246957590646e-01
9.701093272300145287e-01,-3.259727972860962941e-01
9.735494312272841011e-01,-3.273880712645355073e-01
9.769895352245536735e-01,-3.287981070151527185e-01
9.804296392218231349e-01,-3.302028649220235534e-01
9.838697432190927072e-01,-3.316023053692236933e-01
9.873098472163622796e-01,-3.329963887408290968e-01
9.907499512136318520e-01,-3.343850754209153342e-01
9.941900552109014244e-01,-3.357683257935583088e-01
9.976301592081709968e-01,-3.371461002428336462e-01
1.001070263205440458e+00,-3.385183591528172498e-01
1.004510367202710031e+00,-3.398850629075846896e-01
1.007950471199979603e+00,-3.412461718912118691e-01
1.011390575197249175e+00,-3.426016464877745249e-01
1.014830679194518748e+00,-3.439514470813483937e-01
1.018270783191788320e+00,-3.452955340560092679e-01
1.021710887189057892e+00,-3.466338677958329395e-01
1.025150991186327465e+00,-3.479664086848950344e-01
1.028591095183597037e+00,-3.492931171072712893e-01
1.032031199180866610e+00,-3.506139534470376629e-01
1.035471303178135960e+00,-3.519288780882698364e-01
1.038911407175405532e+00,-3.532378514150434912e-01
1.042351511172675105e+00,-3.545408338114344193e-01
1.045791615169944677e+00,-3.558377856615184687e-01
1.049231719167214250e+00,-3.571286673493712649e-01
1.052671823164483822e+00,-3.584134392590686558e-01
1.056111927161753394e+00,-3.596920617746863780e-01
1.059552031159022967e+00,-3.609644952803002238e-01
1.062992135156292539e+00,-3.622307001599858745e-01
1.066432239153562112e+00,-3.634906367978191222e-01
1.069872343150831684e+00,-3.647442655778758147e-01
1.073312447148101256e+00,-3.659915468842315223e-01
1.076752551145370829e+00,-3.672324411009621481e-01
1.080192655142640179e+00,-3.684669086121433179e-01
1.083632759139909751e+00,-3.696949098018509905e-01
1.087072863137179324e+00,-3.709164077481297284e-01
1.090512967134448896e+00,-3.721314204563571648e-01
1.093953071131718469e+00,-3.733400172143037099e-01
1.097393175128988041e+00,-3.745422692736431469e-01
1.100833279126257613e+00,-3.757382478860492592e-01
1.104273383123527186e+00,-3.769280243031956634e-01
1.107713487120796758e+00,-3.781116697767564205e-01
1.111153591118066331e+00,-3.792892555584052028e-01
1.114593695115335903e+00,-3.804608528998157935e-01
1.118033799112605475e+00,-3.816265330526620314e-01
1.121473903109875048e+00,-3.827863672686178109e-01
1.124914007107144398e+00,-3.839404267993564157e-01
1.128354111104413970e+00,-3.850887828965522952e-01
1.131794215101683543e+00,-3.862315068118788441e-01
1.135234319098953115e+00,-3.873686697970100123e-01
1.138674423096222688e+00,-3.885003431036195276e-01
1.142114527093492260e+00,-3.896265979833812843e-01
1.145554631090761832e+00,-3.907475056879687880e-01
1.148994735088031405e+00,-3.918631374690560998e-01
1.152434839085300977e+00,-3.929735645783168363e-01
1.155874943082570550e+00,-3.940788582674250029e-01
1.159315047079840122e+00,-3.951790897880541054e-01
1.162755151077109694e+00,-3.962743303918781490e-01
1.166195255074379267e+00,-3.973646513305709727e-01
1.169635359071648617e+00,-3.984501238558061376e-01
1.173075463068918189e+00,-3.995308192192574825e-01
1.176515567066187762e+00,-4.006068086725989574e-01
1.179955671063457334e+00,-4.016781634675042345e-01
1.183395775060726907e+00,-4.027449548556470971e-01
1.186835879057996479e+00,-4.038072540887013839e-01
1.190275983055266051e+00,-4.048651324183408784e-01
1.193716087052535624e+00,-4.059186610962394193e-01
1.197156191049805196e+00,-4.069679113740706788e-01
1.200596295047074769e+00,-4.080129545035083849e-01
1.204036399044344341e+00,-4.090538617362265983e-01
1.207476503041613913e+00,-4.100907043238988803e-01
1.210916607038883264e+00,-4.111235535181989587e-01
1.214356711036152836e+00,-4.121524805708009498e-01
1.217796815033422408e+00,-4.131775567333783039e-01
1.221236919030691981e+00,-4.141988532576050819e-01
1.224677023027961553e+00,-4.152164413951549005e-01
1.228117127025231126e+00,-4.162303923977016540e-01
1.231557231022500698e+00,-4.172407775169189037e-01
1.234997335019770270e+00,-4.182476680044806550e-01
1.238437439017039843e+00,-4.192511351120607466e-01
1.241877543014309415e+00,-4.202512500913327953e-01
1.245317647011578988e+00,-4.212480841939706955e-01
1.248757751008848560e+00,-4.222417086716481749e-01
1.252197855006118132e+00,-4.232321947760390723e-01
1.255637959003387483e+00,-4.242196137588170601e-01
1.259078063000657055e+00,-4.252040368716561991e-01
1.262518166997926627e+00,-4.261855353662299950e-01
1.265958270995196200e+00,-4.271641804942123977e-01
1.269398374992465772e+00,-4.281400319915039110e-01
1.272838478989735345e+00,-4.291130956384998085e-01
1.276278582987004917e+00,-4.300833614268226301e-01
1.279718686984274489e+00,-4.310508193461203841e-01
1.283158790981544062e+00,-4.320154593860410230e-01
1.286598894978813634e+00,-4.329772715362324442e-01
1.290038998976083207e+00,-4.339362457863427669e-01
1.293479102973352779e+00,-4.348923721260197772e-01
1.296919206970622351e+00,-4.358456405449114834e-01
1.300359310967891702e+00,-4.367960410326656162e-01
1.303799414965161274e+00,-4.377435635789305168e-01
1.307239518962430846e+00,-4.386881981733540270e-01
1.310679622959700419e+00,-4.396299348055839329e-01
1.314119726956969991e+00,-4.405687634652681872e-01
1.317559830954239564e+00,-4.415046741420549647e-01
1.320999934951509136e+00,-4.424376568255920517e-01
1.324440038948778708e+00,-4.433677015055274007e-01
1.327880142946048281e+00,-4.442947981715090200e-01
1.331320246943317853e+00,-4.452189368131848624e-01
1.334760350940587426e+00,-4.461401074202028250e-01
1.338200454937856998e+00,-4.470582999822108605e-01
1.341640558935126570e+00,-4.479735044888569218e-01
1.345080662932395921e+00,-4.488857109297888504e-01
1.348520766929665493e+00,-4.497949092946549876e-01
1.351960870926935065e+00,-4.507010895731028977e-01
1.355400974924204638e+00,-4.516042417547805887e-01
1.358841078921474210e+00,-4.525043558293362911e-01
1.362281182918743783e+00,-4.534014217864175134e-01
1.365721286916013355e+00,-4.542954296156725413e-01
1.369161390913282927e+00,-4.551863693067492722e-01
1.372601494910552500e+00,-4.560742308492955477e-01
1.376041598907822072e+00,-4.569590042329593760e-01
1.379481702905091645e+00,-4.578406794473887653e-01
1.382921806902361217e+00,-4.587192464822315574e-01
1.386361910899630789e+00,-4.595946953271358715e-01
1.389802014896900140e+00,-4.604670159717492162e-01
1.393242118894169712e+00,-4.613361984057201548e-01
1.396682222891439284e+00,-4.622022326186962515e-01
1.400122326888708857e+00,-4.630651086003256256e-01
1.403562430885978429e+00,-4.639248163402562297e-01
1.407002534883248002e+00,-4.647813458281357946e-01
1.410442638880517574e+00,-4.656346870536124949e-01
1.413882742877787146e+00,-4.664848300063341724e-01
1.417322846875056719e+00,-4.673317646759488353e-01
1.420762950872326291e+00,-4.681754810521044363e-01
1.424203054869595864e+00,-4.690159691244489282e-01
1.427643158866865436e+00,-4.698532188826302636e-01
1.431083262864135008e+00,-4.706872203162962287e-01
1.434523366861404359e+00,-4.715179634150950538e-01
1.437963470858673931e+00,-4.723454381686744696e-01
1.441403574855943504e+00,-4.731696345666825954e-01
1.444843678853213076e+00,-4.739905425987671617e-01
1.448283782850482648e+00,-4.748081526406801589e-01
1.451723886847752221e+00,-4.756224733084796763e-01
1.455163990845021793e+00,-4.764335389723572955e-01
1.458604094842291365e+00,-4.772413859476571929e-01
1.462044198839560938e+00,-4.780460505497232671e-01
1.465484302836830510e+00,-4.788475690938994722e-01
1.468924406834100083e+00,-4.796459778955298181e-01
1.472364510831369655e+00,-4.804413132699583699e-01
1.475804614828639005e+00,-4.812336115325289709e-01
1.479244718825908578e+00,-4.820229089985857418e-01
1.482684822823178150e+00,-4.828092419834726923e-01
1.486124926820447723e+00,-4.835926468025339986e-01
1.489565030817717295e+00,-4.843731597711131709e-01
1.493005134814986867e+00,-4.851508172045544964e-01
1.496445238812256440e+00,-4.859256554182020960e-01
1.499885342809526012e+00,-4.866977107273997571e-01
1.503325446806795584e+00,-4.874670194474914342e-01
1.506765550804065157e+00,-4.882336178938214144e-01
1.510205654801334729e+00,-4.889975423817333744e-01
1.513645758798604302e+00,-4.897588292265716015e-01
1.517085862795873874e+00,-4.905175147436797722e-01
1.520525966793143224e+00,-4.912736352484020630e-01
1.523966070790412797e+00,-4.920272270560824279e-01
1.527406174787682369e+00,-4.927783264820650433e-01
1.530846278784951942e+00,-4.935269698416936968e-01
1.534286382782221514e+00,-4.942731934503125091e-01
1.537726486779491086e+00,-4.950170336232652679e-01
1.541166590776760659e+00,-4.957585266758962050e-01
1.544606694774030231e+00,-4.964977089235491636e-01
1.548046798771299803e+00,-4.972346166815683199e-01
1.551486902768569376e+00,-4.979692862652974616e-01
1.554927006765838948e+00,-4.987017539900805985e-01
1.558367110763108521e+00,-4.994320561712619622e-01
1.561807214760378093e+00,-5.001602291241853404e-01
1.565247318757647443e+00,-5.008863091641947429e-01
1.568687422754917016e+00,-5.016103326066341239e-01
1.572127526752186588e+00,-5.023323357668476596e-01
1.575567630749456161e+00,-5.030523549601791933e-01
1.579007734746725733e+00,-5.037704265019727901e-01
1.582447838743995305e+00,-5.044865867075725152e-01
1.585887942741264878e+00,-5.052008718923223229e-01
1.589328046738534450e+00,-5.059133183715660564e-01
1.592768150735804022e+00,-5.066239624606478920e-01
1.596208254733073595e+00,-5.073328404749116727e-01
1.599648358730343167e+00,-5.080399887297014638e-01
1.603088462727612740e+00,-5.087454435403613306e-01
1.606528566724882312e+00,-5.094492412222352273e-01
1.609968670722151662e+00,-5.101514180906669971e-01
1.613408774719421235e+00,-5.108520104610009271e-01
1.616848878716690807e+00,-5.115510546485808607e-01
1.620288982713960380e+00,-5.122485869687507520e-01
1.623729086711229952e+00,-5.129446437368546663e-01
1.627169190708499524e+00,-5.136392612682365577e-01
1.630609294705769097e+00,-5.143324718296478082e-01
1.634049398703038669e+00,-5.150242767337994687e-01
1.637489502700308242e+00,-5.157146630051694380e-01
1.640929606697577814e+00,-5.164036175914621385e-01
1.644369710694847386e+00,-5.170911274403818814e-01
1.647809814692116959e+00,-5.177771794996333110e-01
1.651249918689386309e+00,-5.184617607169209608e-01
1.654690022686655881e+00,-5.191448580399490309e-01
1.658130126683925454e+00,-5.198264584164226099e-01
1.661570230681195026e+00,-5.205065487940454538e-01
1.665010334678464599e+00,-5.211851161205226513e-01
1.668450438675734171e+00,-5.218621473435582914e-01
1.671890542673003743e+00,-5.225376294108571296e-01
1.675330646670273316e+00,-5.232115492701234771e-01
1.678770750667542888e+00,-5.238838938690617564e-01
1.682210854664812461e+00,-5.245546501553766117e-01
1.685650958662082033e+00,-5.252238050767724653e-01
1.689091062659351605e+00,-5.258913455809538506e-01
1.692531166656621178e+00,-5.265572586156251900e-01
1.695971270653890528e+00,-5.272215311284907946e-01
1.699411374651160100e+00,-5.278841500672556419e-01
1.702851478648429673e+00,-5.285451023796237102e-01
1.706291582645699245e+00,-5.292043750132996438e-01
1.709731686642968818e+00,-5.298619549159880870e-01
1.713171790640238390e+00,-5.305178290353933512e-01
1.716611894637507962e+00,-5.311719843192199697e-01
1.720051998634777535e+00,-5.318244077151723648e-01
1.723492102632047107e+00,-5.324750861709550698e-01
1.726932206629316680e+00,-5.331240066342728401e-01
1.730372310626586252e+00,-5.337711560528295429e-01
1.733812414623855824e+00,-5.344165213743302667e-01
1.737252518621125397e+00,-5.350600895464789897e-01
1.740692622618394747e+00,-5.357018475169805782e-01
1.744132726615664319e+00,-5.363417822335394547e-01
1.747572830612933892e+00,-5.369798806438601524e-01
1.751012934610203464e+00,-5.376161296956468716e-01
1.754453038607473037e+00,-5.382505163366043677e-01
1.757893142604742609e+00,-5.388830275144368409e-01
1.761333246602012181e+00,-5.395136501768491577e-01
1.764773350599281754e+00,-5.401423712715452963e-01
1.768213454596551326e+00,-5.407691777462303451e-01
1.771653558593820899e+00,-5.413940565486083933e-01
1.775093662591090471e+00,-5.420169946263840854e-01
1.778533766588360043e+00,-5.426379789272616216e-01
1.781973870585629616e+00,-5.432569963989457573e-01
1.785413974582898966e+00,-5.438740339891410258e-01
1.788854078580168538e+00,-5.444890786455518494e-01
1.792294182577438111e+00,-5.451021173158825395e-01
1.795734286574707683e+00,-5.457131369478378513e-01
1.799174390571977256e+00,-5.463221244891219852e-01
1.802614494569246828e+00,-5.469290668874395855e-01
1.806054598566516400e+00,-5.475339510904951856e-01
1.809494702563785973e+00,-5.481367641079558650e-01
1.812934806561055545e+00,-5.487375044813527225e-01
1.816374910558325118e+00,-5.493361957348540381e-01
1.819815014555594690e+00,-5.499328646602001935e-01
1.823255118552864262e+00,-5.505275380491305715e-01
1.826695222550133835e+00,-5.511202426933854426e-01
1.830135326547403185e+00,-5.517110053847044115e-01
1.833575430544672757e+00,-5.522998529148273050e-01
1.837015534541942330e+00,-5.528868120754943938e-01
1.840455638539211902e+00,-5.534719096584450604e-01
1.843895742536481475e+00,-5.540551724554193536e-01
1.847335846533751047e+00,-5.546366272581571000e-01
1.850775950531020619e+00,-5.552163008583983483e-01
1.854216054528290192e+00,-5.557942200478825923e-01
1.857656158525559764e+00,-5.563704116183499915e-01
1.861096262522829337e+00,-5.569449023615402616e-01
1.864536366520098909e+00,-5.575177190691932294e-01
1.867976470517368481e+00,-5.580888885330490545e-01
1.871416574514638054e+00,-5.586584375448473416e-01
1.874856678511907404e+00,-5.592263928963278063e-01
1.878296782509176976e+00,-5.597927813792304974e-01
1.881736886506446549e+00,-5.603576297852954635e-01
1.885176990503716121e+00,-5.609209649062623093e-01
1.888617094500985694e+00,-5.614828135338708615e-01
1.892057198498255266e+00,-5.620432024598612797e-01
1.895497302495524838e+00,-5.626021584759729466e-01
1.898937406492794411e+00,-5.631597083739463550e-01
1.902377510490063983e+00,-5.637158789455208874e-01
1.905817614487333556e+00,-5.642706969824364815e-01
1.909257718484603128e+00,-5.648241892764330752e-01
1.912697822481872700e+00,-5.653763826192504949e-01
1.916137926479142051e+00,-5.659273038026283453e-01
1.919578030476411623e+00,-5.664769796183071193e-01
1.923018134473681195e+00,-5.670254368580263105e-01
1.926458238470950768e+00,-5.675727023135255234e-01
1.929898342468220340e+00,-5.681188027765450288e-01
1.933338446465489913e+00,-5.686637650388245424e-01
1.936778550462759485e+00,-5.692076158921038909e-01
1.940218654460029057e+00,-5.697503821281229008e-01
1.943658758457298630e+00,-5.702920905386215100e-01
1.947098862454568202e+00,-5.708327679153396561e-01
1.950538966451837775e+00,-5.713724410500170547e-01
1.953979070449107347e+00,-5.719111367343936436e-01
1.957419174446376919e+00,-5.724488817602091384e-01
1.960859278443646270e+00,-5.729857029192034767e-01
1.964299382440915842e+00,-5.735216270031167074e-01
1.967739486438185414e+00,-5.740566808036885460e-01
1.971179590435454987e+00,-5.745908911126588192e-01
1.974619694432724559e+00,-5.751242847217674647e-01
1.978059798429994132e+00,-5.756568884227541982e-01
1.981499902427263704e+00,-5.761887290073592904e-01
1.984940006424533276e+00,-5.767198332673220129e-01
1.988380110421802849e+00,-5.772502279943823034e-01
1.991820214419072421e+00,-5.777799388217853549e-01
1.995260318416341994e+00,-5.783089760441106897e-01
1.998700422413611566e+00,-5.788373390923633455e-01
2.002140526410880916e+00,-5.793650271675929719e-01
2.005580630408150711e+00,-5.798920394708492188e-01
2.009020734405420061e+00,-5.804183752031810695e-01
2.012460838402689856e+00,-5.809440335656379517e-01
2.015900942399959206e+00,-5.814690137592692931e-01
2.019341046397229000e+00,-5.819933149851244103e-01
2.022781150394498351e+00,-5.825169364442526199e-01
2.026221254391767701e+00,-5.830398773377035715e-01
2.029661358389037495e+00,-5.835621368665264708e-01
2.033101462386306846e+00,-5.840837142317704123e-01
2.036541566383576640e+00,-5.846046086344852677e-01
2.039981670380845991e+00,-5.851248192757200206e-01
2.043421774378115785e+00,-5.856443453565239876e-01
2.046861878375385135e+00,-5.861631860779469294e-01
2.050301982372654930e+00,-5.866813406410380516e-01
2.053742086369924280e+00,-5.871988082468464487e-01
2.057182190367194075e+00,-5.877155880964217705e-01
2.060622294364463425e+00,-5.882316793908133334e-01
2.064062398361733219e+00,-5.887470813310705653e-01
2.067502502359002570e+00,-5.892617931182427826e-01
2.070942606356271920e+00,-5.897758139533793020e-01
2.074382710353541714e+00,-5.902891430375295512e-01
2.077822814350811065e+00,-5.908017795717427356e-01
2.081262918348080859e+00,-5.913137227570683940e-01
2.084703022345350210e+00,-5.918249717945559540e-01
2.088143126342620004e+00,-5.923355258852546212e-01
2.091583230339889354e+00,-5.928453842302139343e-01
2.095023334337159149e+00,-5.933545460304829877e-01
2.098463438334428499e+00,-5.938630104871113202e-01
2.101903542331698294e+00,-5.943707768011485815e-01
2.105343646328967644e+00,-5.948778441736435330e-01
2.108783750326237438e+00,-5.953842118056461574e-01
2.112223854323506789e+00,-5.958898788982053274e-01
2.115663958320776139e+00,-5.963948446523706926e-01
2.119104062318045933e+00,-5.968991082691915695e-01
2.122544166315315284e+00,-5.974026689497170528e-01
2.125984270312585078e+00,-5.979055258949971252e-01
2.129424374309854429e+00,-5.984076783060805482e-01
2.132864478307124223e+00,-5.989091253840168605e-01
2.136304582304393573e+00,-5.994098663298558227e-01
2.139744686301663368e+00,-5.999099003446461964e-01
2.143184790298932718e+00,-6.004092266294378533e-01
2.146624894296202513e+00,-6.009078443852798879e-01
2.150064998293471863e+00,-6.014057528132216168e-01
2.153505102290741657e+00,-6.019029511143125788e-01
2.156945206288011008e+00,-6.023994384896019794e-01
2.160385310285280358e+00,-6.028952141401393572e-01
2.163825414282550152e+00,-6.033902772669742509e-01
2.167265518279819503e+00,-6.038846270711555331e-01
2.170705622277089297e+00,-6.043782627535166929e-01
2.174145726274358648e+00,-6.048711817863232643e-01
2.177585830271628442e+00,-6.053633757347505195e-01
2.181025934268897792e+00,-6.058548349032165659e-01
2.184466038266167587e+00,-6.063455495961401764e-01
2.187906142263436937e+00,-6.068355101179399025e-01
2.191346246260706732e+00,-6.073247067730341842e-01
2.194786350257976082e+00,-6.078131298658420167e-01
2.198226454255245876e+00,-6.083007697007819514e-01
2.201666558252515227e+00,-6.087876165822722063e-01
2.205106662249784577e+00,-6.092736608147319988e-01
2.208546766247054371e+00,-6.097588927025793248e-01
2.211986870244323722e+00,-6.102433025502335129e-01
2.215426974241593516e+00,-6.107268806621125590e-01
2.218867078238862867e+00,-6.112096173426354584e-01
2.222307182236132661e+00,-6.116915028962206513e-01
2.225747286233402011e+00,-6.121725276272869110e-01
2.229187390230671806e+00,-6.126526818402525665e-01
2.232627494227941156e+00,-6.131319558395366132e-01
2.236067598225210951e+00,-6.136103399295572691e-01
2.239507702222480301e+00,-6.140878244147335296e-01
2.242947806219750095e+00,-6.145643995994838349e-01
2.246387910217019446e+00,-6.150400557882268471e-01
2.249828014214288796e+00,-6.155147832853811174e-01
2.253268118211558591e+00,-6.159885723953654191e-01
2.256708222208827941e+00,-6.164614134225981923e-01
2.260148326206097735e+00,-6.169332966714980993e-01
2.263588430203367086e+00,-6.174042124464838022e-01
2.267028534200636880e+00,-6.178741510519741853e-01
2.270468638197906230e+00,-6.183431027923873557e-01
2.273908742195176025e+00,-6.188110579721421978e-01
2.277348846192445375e+00,-6.192780068956573736e-01
2.280788950189715170e+00,-6.197439398673514344e-01
2.284229054186984520e+00,-6.202088471916429313e-01
2.287669158184254314e+00,-6.206727191729507487e-01
2.291109262181523665e+00,-6.211355461156931046e-01
2.294549366178793015e+00,-6.215973183242889943e-01
2.297989470176062810e+00,-6.220580261031566360e-01
2.301429574173332160e+00,-6.225176597567152470e-01
2.304869678170601954e+00,-6.229762095893830454e-01
2.308309782167871305e+00,-6.234336659055784713e-01
2.311749886165141099e+00,-6.238900190097206311e-01
2.315189990162410449e+00,-6.243452592062276318e-01
2.318630094159680244e+00,-6.247993767995188019e-01
2.322070198156949594e+00,-6.252523620940118043e-01
2.325510302154219389e+00,-6.257042053941259674e-01
2.328950406151488739e+00,-6.261548970042799533e-01
2.332390510148758533e+00,-6.266044272288918693e-01
2.335830614146027884e+00,-6.270527863723805995e-01
2.339270718143297234e+00,-6.274999647391650281e-01
2.342710822140567029e+00,-6.279459526336632624e-01
2.346150926137836379e+00,-6.283907403602942976e-01
2.349591030135106173e+00,-6.288343182234767959e-01
2.353031134132375524e+00,-6.292766770902712414e-01
2.356471238129645318e+00,-6.297178225197237467e-01
2.359911342126914668e+00,-6.301577758071107427e-01
2.363351446124184463e+00,-6.305965590195082848e-01
2.366791550121453813e+00,-6.310341942239930946e-01
2.370231654118723608e+00,-6.314707034876413383e-01
2.373671758115992958e+00,-6.319061088775295154e-01
2.377111862113262752e+00,-6.323404324607337923e-01
2.380551966110532103e+00,-6.327736963043305574e-01
2.383992070107801453e+00,-6.332059224753966431e-01
2.387432174105071248e+00,-6.336371330410078828e-01
2.390872278102340598e+00,-6.340673500682406649e-01
2.394312382099610392e+00,-6.344965956241714888e-01
2.397752486096879743e+00,-6.349248917758769650e-01
2.401192590094149537e+00,-6.353522605904332599e-01
2.404632694091418887e+00,-6.357787241349165397e-01
2.408072798088688682e+00,-6.362043044764034150e-01
2.411512902085958032e+00,-6.366290236819701631e-01
2.414953006083227827e+00,-6.370529038186931725e-01
2.418393110080497177e+00,-6.374759669536489426e-01
2.421833214077766527e+00,-6.378982351539135287e-01
2.425273318075036322e+00,-6.383197304865636523e-01
2.428713422072305672e+00,-6.387404750186754798e-01
2.432153526069575467e+00,-6.391604908173252886e-01
2.435593630066844817e+00,-6.395797999495895780e-01
2.439033734064114611e+00,-6.399984244825448476e-01
2.442473838061383962e+00,-6.404163864832671527e-01
2.445913942058653756e+00,-6.408337080188333257e-01
2.449354046055923106e+00,-6.412504111563192000e-01
2.452794150053192901e+00,-6.416665179628014970e-01
2.456234254050462251e+00,-6.420820505053563831e-01
2.459674358047732046e+00,-6.424970308510603578e-01
2.463114462045001396e+00,-6.429114810669896984e-01
2.466554566042270746e+00,-6.433254232202209044e-01
2.469994670039540541e+00,-6.437388793778302531e-01
2.473434774036809891e+00,-6.441518716068941330e-01
2.476874878034079686e+00,-6.445644219744888215e-01
2.480314982031349036e+00,-6.449765525476909289e-01
2.483755086028618830e+00,-6.453882853935765107e-01
2.487195190025888181e+00,-6.457996425792221773e-01
2.490635294023157975e+00,-6.462106461717040951e-01
2.494075398020427325e+00,-6.466213182380987634e-01
2.497515502017697120e+00,-6.470316808454826818e-01
2.500955606014966470e+00,-6.474417560609319056e-01
2.504395710012236265e+00,-6.478515659515230452e-01
2.507835814009505615e+00,-6.482611325843322669e-01
2.511275918006774965e+00,-6.486704780264361814e-01
2.514716022004044760e+00,-6.490796243449109548e-01
2.518156126001314110e+00,-6.494885936068329757e-01
2.521596229998583905e+00,-6.498974078792787434e-01
2.525036333995853255e+00,-6.503060892293245354e-01
2.528476437993123049e+00,-6.507146597240467401e-01
2.531916541990392400e+00,-6.511231414305217458e-01
2.535356645987662194e+00,-6.515315527156534392e-01
2.538796749984931544e+00,-6.519398916085782369e-01
2.542236853982201339e+00,-6.523481491877108907e-01
2.545676957979470689e+00,-6.527563165254420818e-01
2.549117061976740484e+00,-6.531643846941621590e-01
2.552557165974009834e+00,-6.535723447662609153e-01
2.555997269971279184e+00,-6.539801878141286995e-01
2.559437373968548979e+00,-6.543879049101561929e-01
2.562877477965818329e+00,-6.547954871267330779e-01
2.566317581963088124e+00,-6.552029255362502580e-01
2.569757685960357474e+00,-6.556102112110973046e-01
2.573197789957627268e+00,-6.560173352236647881e-01
2.576637893954896619e+00,-6.564242886463429461e-01
2.580077997952166413e+00,-6.568310625515221268e-01
2.583518101949435763e+00,-6.572376480115923458e-01
2.586958205946705558e+00,-6.576440360989442846e-01
2.590398309943974908e+00,-6.580502178859675144e-01
2.593838413941244703e+00,-6.584561844450528278e-01
2.597278517938514053e+00,-6.588619268485902403e-01
2.600718621935783403e+00,-6.592674361689701001e-01
2.604158725933053198e+00,-6.596727034785826449e-01
2.607598829930322548e+00,-6.600777198498178899e-01
2.611038933927592343e+00,-6.604824763550666278e-01
2.614479037924861693e+00,-6.608869640667184298e-01
2.617919141922131487e+00,-6.612911740571640884e-01
2.621359245919400838e+00,-6.616950973987935081e-01
2.624799349916670632e+00,-6.620987251639970372e-01
2.628239453913939982e+00,-6.625020484251651354e-01
2.631679557911209777e+00,-6.629050582546878179e-01
2.635119661908479127e+00,-6.633077457249553222e-01
2.638559765905748922e+00,-6.637101019083579967e-01
2.641999869903018272e+00,-6.641121178772859679e-01
2.645439973900287622e+00,-6.645137847041295842e-01
2.648880077897557417e+00,-6.649150934612795272e-01
2.652320181894826767e+00,-6.653160352211250350e-01
2.655760285892096562e+00,-6.657166010560572333e-01
2.659200389889365912e+00,-6.661167820384659155e-01
2.662640493886635706e+00,-6.665165692407414300e-01
2.666080597883905057e+00,-6.669159537352742362e-01
2.669520701881174851e+00,-6.673149265944543496e-01
2.672960805878444202e+00,-6.677134788906721186e-01
2.676400909875713996e+00,-6.681116016963177806e-01
2.679841013872983346e+00,-6.685092860837813511e-01
2.683281117870253141e+00,-6.689065231254536226e-01
2.686721221867522491e+00,-6.693033038937242774e-01
2.690161325864791841e+00,-6.696996194609837749e-01
2.693601429862061636e+00,-6.700954608996225748e-01
2.697041533859330986e+00,-6.704908192820305812e-01
2.700481637856600781e+00,-6.708856856805982538e-01
2.703921741853870131e+00,-6.712800511677159410e-01
2.707361845851139925e+00,-6.716739068157735471e-01
2.710801949848409276e+00,-6.720672436971615316e-01
2.714242053845679070e+00,-6.724600529347757316e-01
2.717682157842948421e+00,-6.728523291029701037e-01
2.721122261840218215e+00,-6.732440723831673024e-01
2.724562365837487565e+00,-6.736352834704989467e-01
2.728002469834757360e+00,-6.740259630600972107e-01
2.731442573832026710e+00,-6.744161118470930472e-01
2.734882677829296060e+00,-6.748057305266186301e-01
2.738322781826565855e+00,-6.751948197938056895e-01
2.741762885823835205e+00,-6.755833803437856222e-01
2.745202989821105000e+00,-6.759714128716899362e-01
2.748643093818374350e+00,-6.763589180726508054e-01
2.752083197815644144e+00,-6.767458966417992938e-01
2.755523301812913495e+00,-6.771323492742674643e-01
2.758963405810183289e+00,-6.775182766651870470e-01
2.762403509807452640e+00,-6.779036795096893275e-01
2.765843613804722434e+00,-6.782885585029063691e-01
2.769283717801991784e+00,-6.786729143399694575e-01
2.772723821799261579e+00,-6.790567477160105447e-01
2.776163925796530929e+00,-6.794400593261610277e-01
2.779604029793800279e+00,-6.798228498655527474e-01
2.783044133791070074e+00,-6.802051200293175448e-01
2.786484237788339424e+00,-6.805868705125867058e-01
2.789924341785609219e+00,-6.809681020104919602e-01
2.793364445782878569e+00,-6.813488152181652602e-01
2.796804549780148363e+00,-6.817290108307380025e-01
2.800244653777417714e+00,-6.821086895433420283e-01
2.803684757774687508e+00,-6.824878520511087343e-01
2.807124861771956859e+00,-6.828664990491700726e-01
2.810564965769226653e+00,-6.832446312326576621e-01
2.814005069766496003e+00,-6.836222492967030107e-01
2.817445173763765798e+00,-6.839993539364377373e-01
2.820885277761035148e+00,-6.843759458469935719e-01
2.824325381758304498e+00,-6.847520257235024665e-01
2.827765485755574293e+00,-6.851275942610957070e-01
2.831205589752843643e+00,-6.855026521549050234e-01
2.834645693750113438e+00,-6.858772001000621454e-01
2.838085797747382788e+00,-6.862512387916985812e-01
2.841525901744652582e+00,-6.866247689249465047e-01
2.844966005741921933e+00,-6.869977911949369798e-01
2.848406109739191727e+00,-6.873703062968020694e-01
2.851846213736461078e+00,-6.877423149256731705e-01
2.855286317733730872e+00,-6.881138177766817909e-01
2.858726421731000222e+00,-6.884848155449602158e-01
2.862166525728270017e+00,-6.888553089256396200e-01
2.865606629725539367e+00,-6.892252986138517334e-01
2.869046733722808717e+00,-6.895947853047282861e-01
2.872486837720078512e+00,-6.899637696934007858e-01
2.875926941717347862e+00,-6.903322524750010736e-01
2.879367045714617657e+00,-6.907002343446609904e-01
2.882807149711887007e+00,-6.910677159975117112e-01
2.886247253709156801e+00,-6.914346981286852989e-01
2.889687357706426152e+00,-6.918011814333129283e-01
2.893127461703695946e+00,-6.921671666065271067e-01
2.896567565700965297e+00,-6.925326549958172873e-01
2.900007669698235091e+00,-6.928976538829015874e-01
2.903447773695504441e+00,-6.932621737171454912e-01
2.906887877692773792e+00,-6.936262249776317113e-01
2.910327981690043586e+00,-6.939898181434435154e-01
2.913768085687312936e+00,-6.943529636936638383e-01
2.917208189684582731e+00,-6.947156721073752816e-01
2.920648293681852081e+00,-6.950779538636612243e-01
2.924088397679121876e+00,-6.954398194416041568e-01
2.927528501676391226e+00,-6.958012793202872359e-01
2.930968605673661020e+00,-6.961623439787936185e-01
2.934408709670930371e+00,-6.965230238962056841e-01
2.937848813668200165e+00,-6.968833295516070336e-01
2.941288917665469516e+00,-6.972432714240801577e-01
2.944729021662739310e+00,-6.976028599927081020e-01
2.948169125660008660e+00,-6.979621057365739123e-01
2.951609229657278011e+00,-6.983210191347601903e-01
2.955049333654547805e+00,-6.986796106663504258e-01
2.958489437651817155e+00,-6.990378908104271094e-01
2.961929541649086950e+00,-6.993958700460733979e-01
2.965369645646356300e+00,-6.997535588523722261e-01
2.968809749643626095e+00,-7.001109677084063065e-01
2.972249853640895445e+00,-7.004681070932587961e-01
2.975689957638165239e+00,-7.008249874860128514e-01
2.979130061635434590e+00,-7.011816193657507412e-01
2.982570165632704384e+00,-7.015380132115560663e-01
2.986010269629973735e+00,-7.018941795025114283e-01
2.989450373627243529e+00,-7.022501287176999840e-01
2.992890477624512879e+00,-7.026058713362044461e-01
2.996330581621782230e+00,-7.029614178371077493e-01
2.999770685619052024e+00,-7.033167786994931614e-01
3.003210789616321374e+00,-7.036719644024430620e-01
3.006650893613591169e+00,-7.040269854250410519e-01
3.010090997610860519e+00,-7.043818522463695109e-01
3.013531101608130314e+00,-7.047365753455117066e-01
3.016971205605399664e+00,-7.050911652015504627e-01
3.020411309602669458e+00,-7.054456322935687140e-01
3.023851413599938809e+00,-7.057999871006496173e-01
3.027291517597208603e+00,-7.061542401018756632e-01
3.030731621594477954e+00,-7.065084017763301194e-01
3.034171725591747748e+00,-7.068624826030959207e-01
3.037611829589017098e+00,-7.072164930612557798e-01
3.041051933586286449e+00,-7.075704436298929645e-01
3.044492037583556243e+00,-7.079243447880901874e-01
3.047932141580825594e+00,-7.082782070149303832e-01
3.051372245578095388e+00,-7.086320407894967088e-01
3.054812349575364738e+00,-7.089858565908717658e-01
3.058252453572634533e+00,-7.093396648981389330e-01
3.061692557569903883e+00,-7.096934761903805899e-01
3.065132661567173677e+00,-7.100473009466802266e-01
3.068572765564443028e+00,-7.104011496461202224e-01
3.072012869561712822e+00,-7.107550327677841784e-01
3.075452973558982173e+00,-7.111089607803996460e-01
3.078893077556251967e+00,-7.114629401104197726e-01
3.082333181553521317e+00,-7.118169670245333425e-01
3.085773285550790668e+00,-7.121710362185423859e-01
3.089213389548060462e+00,-7.125251423882482671e-01
3.092653493545329813e+00,-7.128792802294523501e-01
3.096093597542599607e+00,-7.132334444379562211e-01
3.099533701539868957e+00,-7.135876297095610221e-01
3.102973805537138752e+00,-7.139418307400686725e-01
3.106413909534408102e+00,-7.142960422252800923e-01
3.109854013531677897e+00,-7.146502588609972006e-01
3.113294117528947247e+00,-7.150044753430212507e-01
3.116734221526217041e+00,-7.153586863671534957e-01
3.120174325523486392e+00,-7.157128866291955216e-01
3.123614429520756186e+00,-7.160670708249491367e-01
3.127054533518025536e+00,-7.164212336502152612e-01
3.130494637515294887e+00,-7.167753698007957031e-01
3.133934741512564681e+00,-7.171294739724917155e-01
3.137374845509834032e+00,-7.174835408611048848e-01
3.140814949507103826e+00,-7.178375651624366860e-01
3.144255053504373176e+00,-7.181915415722882612e-01
3.147695157501642971e+00,-7.185454647864616406e-01
3.151135261498912321e+00,-7.188993295007577444e-01
3.154575365496182116e+00,-7.192531304109780477e-01
3.158015469493451466e+00,-7.196068622129243586e-01
3.161455573490721260e+00,-7.199605196023978193e-01
3.164895677487990611e+00,-7.203140972752002380e-01
3.168335781485260405e+00,-7.206675899271325347e-01
3.171775885482529755e+00,-7.210209922539965177e-01
3.175215989479799106e+00,-7.213742989515936621e-01
3.178656093477068900e+00,-7.217275047157252210e-01
3.182096197474338251e+00,-7.220806042421928916e-01
3.185536301471608045e+00,-7.224335922267979271e-01
3.188976405468877395e+00,-7.227864633653416915e-01
3.192416509466147190e+00,-7.231392123536259930e-01
3.195856613463416540e+00,-7.234918338874519739e-01
3.199296717460686335e+00,-7.238443226626212201e-01
3.202736821457955685e+00,-7.241966733749352070e-01
3.206176925455225479e+00,-7.245488807201954096e-01
3.209617029452494830e+00,-7.249009393942028590e-01
3.213057133449764624e+00,-7.252528440927596964e-01
3.216497237447033974e+00,-7.256045895116669531e-01
3.219937341444303325e+00,-7.259561703467259930e-01
3.223377445441573119e+00,-7.263075812937386244e-01
3.226817549438842470e+00,-7.266588170485058784e-01
3.230257653436112264e+00,-7.270098723068297852e-01
3.233697757433381614e+00,-7.273607417645111539e-01
3.237137861430651409e+00,-7.277114201173517927e-01
3.240577965427920759e+00,-7.280619020611531766e-01
3.244018069425190554e+00,-7.284121822917165590e-01
3.247458173422459904e+00,-7.287622555048435258e-01
3.250898277419729698e+00,-7.291121163963356633e-01
3.254338381416999049e+00,-7.294617596619942246e-01
3.257778485414268843e+00,-7.298111799976204628e-01
3.261218589411538193e+00,-7.301603720990161861e-01
3.264658693408807544e+00,-7.305093306619827587e-01
3.268098797406077338e+00,-7.308580503823217667e-01
3.271538901403346689e+00,-7.312065259558343522e-01
3.274979005400616483e+00,-7.315547520783219904e-01
3.278419109397885833e+00,-7.319027234455864894e-01
3.281859213395155628e+00,-7.322504347534289915e-01
3.285299317392424978e+00,-7.325978806976509716e-01
3.288739421389694773e+00,-7.329450559740541271e-01
3.292179525386964123e+00,-7.332919552784394890e-01
3.295619629384233917e+00,-7.336385733066087544e-01
3.299059733381503268e+00,-7.339849047543636207e-01
3.302499837378772618e+00,-7.343309443175048967e-01
3.305939941376042412e+00,-7.346766866918347239e-01
3.309380045373311763e+00,-7.350221265731540221e-01
3.312820149370581557e+00,-7.353672586572647107e-01
3.316260253367850908e+00,-7.357120776399675988e-01
3.319700357365120702e+00,-7.360565782170649385e-01
3.323140461362390052e+00,-7.364007550843576499e-01
3.326580565359659847e+00,-7.367446029376473193e-01
3.330020669356929197e+00,-7.370881164727355328e-01
3.333460773354198992e+00,-7.374312903854234325e-01
3.336900877351468342e+00,-7.377741193715128265e-01
3.340340981348738136e+00,-7.381165981268047460e-01
3.343781085346007487e+00,-7.384587213471009992e-01
3.347221189343276837e+00,-7.388004837282027282e-01
3.350661293340546631e+00,-7.391418799659118521e-01
3.354101397337815982e+00,-7.394829047560296242e-01
3.357541501335085776e+00,-7.398235527943571865e-01
3.360981605332355127e+00,-7.401638187766962362e-01
3.364421709329624921e+00,-7.405036973988483595e-01
3.367861813326894271e+00,-7.408431833566148095e-01
3.371301917324164066e+00,-7.411822713457969503e-01
3.374742021321433416e+00,-7.415209560621964791e-01
3.378182125318703211e+00,-7.418592322016147600e-01
3.381622229315972561e+00,-7.421970944598531572e-01
3.385062333313242355e+00,-7.425345375327134789e-01
3.388502437310511706e+00,-7.428715561159964231e-01
3.391942541307781056e+00,-7.432081449055042421e-01
3.395382645305050850e+00,-7.435442985970380780e-01
3.398822749302320201e+00,-7.438800118863991839e-01
3.402262853299589995e+00,-7.442152794693891460e-01
3.405702957296859346e+00,-7.445500960418095504e-01
3.409143061294129140e+00,-7.448844562994618723e-01
3.412583165291398490e+00,-7.452183549381473648e-01
3.416023269288668285e+00,-7.455517866536675031e-01
3.419463373285937635e+00,-7.458847461418238733e-01
3.422903477283207430e+00,-7.462172280984179507e-01
3.426343581280476780e+00,-7.465492272192510992e-01
3.429783685277746574e+00,-7.468807382001244610e-01
3.433223789275015925e+00,-7.472117557368398444e-01
3.436663893272285275e+00,-7.475422745251989465e-01
